{
	"partitions" : [
		{
			"name" : "Top",
			"pins" : [
				{
					"name" : "load",
					"strict" : false
				},
				{
					"name" : "S",
					"strict" : false
				},
				{
					"name" : "shift_en",
					"strict" : false
				},
				{
					"name" : "serOutValid",
					"strict" : false
				},
				{
					"name" : "co",
					"strict" : false
				},
				{
					"name" : "clk",
					"strict" : false
				},
				{
					"name" : "rst",
					"strict" : false
				},
				{
					"name" : "serIn",
					"strict" : false
				}
			]
		}
	]
}