{
	"partitions" : [
		{
			"name" : "Top",
			"pins" : [
				{
					"name" : "co",
					"strict" : false
				},
				{
					"name" : "en",
					"strict" : false
				},
				{
					"name" : "clk",
					"strict" : false
				},
				{
					"name" : "init[0]",
					"strict" : false
				},
				{
					"name" : "rst",
					"strict" : false
				},
				{
					"name" : "load",
					"strict" : false
				},
				{
					"name" : "init[1]",
					"strict" : false
				},
				{
					"name" : "init[2]",
					"strict" : false
				},
				{
					"name" : "init[3]",
					"strict" : false
				},
				{
					"name" : "init[4]",
					"strict" : false
				},
				{
					"name" : "init[5]",
					"strict" : false
				},
				{
					"name" : "init[6]",
					"strict" : false
				},
				{
					"name" : "init[7]",
					"strict" : false
				}
			]
		}
	]
}